{
  "audio_path": "/tmp/test_10s.wav",
  "audio_duration_sec": 10.0,
  "model": "Qwen/Qwen3-ASR-0.6B",
  "dtype": "float16",
  "runs": 7,
  "warmup_runs": 1,
  "latency_sec": {
    "mean": 0.954554868995079,
    "median": 0.9425789999950211,
    "min": 0.9351206249993993,
    "max": 1.0081372909917263,
    "std": 0.02475479342011636
  },
  "rtf": 0.0954554868995079,
  "transcript_preview": "The quick brown fox jumps over the lazy dog. The quick brown fox jumps over the lazy dog. The"
}