{
  "suite": "tokenizer-loader-path-benchmark-v1",
  "audio": "tests/fixtures/test_speech.wav",
  "model": "Qwen/Qwen3-ASR-0.6B",
  "dtype": "float16",
  "runs_per_mode": 5,
  "legacy_auto": {
    "runs": [
      4.12149175000377,
      4.003889582992997,
      3.973521084000822,
      3.950811624992639,
      3.991029000026174
    ],
    "mean": 4.00814860840328,
    "median": 3.991029000026174,
    "min": 3.950811624992639,
    "max": 4.12149175000377
  },
  "direct_qwen2": {
    "runs": [
      2.612293290992966,
      2.5909715829766355,
      2.636716000008164,
      2.5735141669865698,
      2.5796236250025686
    ],
    "mean": 2.5986237331933806,
    "median": 2.5909715829766355,
    "min": 2.5735141669865698,
    "max": 2.636716000008164
  },
  "speedup_legacy_over_direct": 1.542412068821434
}